"Timestamp","What is your business name? ","  What does your business do?  ","Do you currently have a physical store? ","If you have a physical store, please provide the address","Do you currently have social media pages?","Please provide links to your Instagram, Facebook, TikTok and any other social media you have?","  Who are your target customers?  ","What makes your business different from competitors?  ","What is the main goal of this website?  ","What problems are you currently facing that you want this website to solve?  ","  What would make this project successful in your eyes?  ","What types of products will you sell?  ","Approximately how many products will be uploaded initially?  ","Which of these do your products have?  ","Will inventory/stock tracking be needed?  ","Which of these do you already have?","Who will upload/manage products after launch?  ","Which features do you want on the website?  (Cost increases with the number of features added)","Which payment methods should the website support?  ","What delivery methods will you use?  ","Do you need automatic invoice or receipt generation?  ","Which of these do you have?","Please share websites you like and explain what you like about them.  ","What kind of design style do you prefer?  ","Are there any colors or styles you do NOT want?  ","Which of these will you provide?","  Do you need help creating content?  ","  Will the website include:  ","  Do you need an admin dashboard to:  ","Which of these do you have?","What are the top 3 most important things this website MUST do well?","What would disappoint you about this project?  ","Have you worked with a developer before? If yes, what problems did you experience?  ","  Will you need ongoing maintenance and support after launch? (This comes with an additional monthly fee after launch)  ","Is there anything else I should know before starting this project?  "
"2026/05/16 11:41:05 AM GMT+1","PRESSURE MAKES DIAMONDS-PMD","Clothing brand","No","","Yes","https://www.tiktok.com/@pmd.brand?_r=1&_t=ZS-96PGRAj4oGw

https://www.instagram.com/pmdsociety?igsh=MXJuejBsYndlajBocA%3D%3D&utm_source=qr","The ones who can relate to the street 
The pressure and then becomes Diamonds from all struggles ","This is talking about how people started with Pressure pushing themselves till it becomes soft and that leads to the Diamonds ","Sell products online","Building the community ","The website being catchy and attractive ","Brand tees 
Joggers 
And more for future ","50 tees 20 joggers and maybe increase more ","Sizes;Colors","Yes","Product images;Product descriptions;Pricing information","You","Guest checkout;Shopping cart;Coupon/discount system;Email notifications;Order tracking;Admin dashboard;Analytics;WhatsApp integration","Paystack (recommended);Bank transfer","Third-party logistics","Yes","Logo;Brand colors;Fonts","I like modern streetwear websites with a clean and premium aesthetic.  
I want the PMD website to feel bold, dark, minimal and high quality with smooth animations and easy navigation.

Key things I like:
- Clean product layouts
- Large visuals/mockups
- Fast and simple checkout
- Mobile-friendly design
- Dark/minimal aesthetic
- Strong branding and typography
- Smooth scrolling and transitions

Reference brands/websites:
- Corteiz
- Hellstar
- Broken Planet
- Represent Clothing
- Denim Tears","Mordern","I do not want overly colorful, playful or cartoon-style designs.  
Avoid bright neon colors, childish layouts, cluttered pages or overly complicated designs.

I prefer a clean, dark, premium streetwear aesthetic with strong typography, minimal colors and bold visuals.","Product images;Website text/content;Policies (privacy, refund, terms)","Yes","FAQs;Videos","Manage orders;Track sales;Manage inventory","Business email","1. Look premium and visually strong for the PMD brand.  
2. Be fast, smooth and mobile-friendly.  
3. Make shopping and checkout easy for customers.","Poor communication, slow loading speed, low-quality design execution, or a website that does not match the PMD brand aesthetic.","No, this is my first major website project.","Maybe later","PMD is a growing streetwear brand focused on strong branding, premium presentation and community building.  
I want the website to feel modern, clean and unique while still being easy to manage and update in the future."